CREATE OR ALTER PROCEDURE my_runTest7 @tableID INT, @testID INT, @testRunID INT
AS
	EXEC my_runTest4 @tableID = 1, @testID = 4, @testRunID = @testRunID
	EXEC my_runTest4 @tableID = 2, @testID = 4, @testRunID = @testRunID
	EXEC my_runTest4 @tableID = 3, @testID = 4, @testRunID = @testRunID

	INSERT INTO Singers VALUES(50000,'Kanye West','pop')
	INSERT INTO Singers VALUES(50001,'Justin Bieber','pop')
	INSERT INTO Singers VALUES(50002,'Jay Z','rap')

	INSERT INTO Albums VALUES(40000,50000,'Jesus is King',1)
	INSERT INTO Albums VALUES(40001,50000,'Bla bla',3)
	INSERT INTO Albums VALUES(40002,50000,'etc',4)
	INSERT INTO Albums VALUES(40003,50001,'etc',7)
	INSERT INTO Albums VALUES(40004,50001,'etcasd',11)
	INSERT INTO Albums VALUES(40005,50001,'etcakk',9)
	INSERT INTO Albums VALUES(40006,50002,'etc',6)
	INSERT INTO Albums VALUES(40007,50002,'etcasd',13)
	INSERT INTO Albums VALUES(40008,50002,'etasdc',17)

	INSERT INTO Events VALUES(1,50000,40000,32,null)
	INSERT INTO Events VALUES(2,50000,40001,12,null)
	INSERT INTO Events VALUES(3,50000,40002,22,null)
	INSERT INTO Events VALUES(4,50001,40003,52,null)
	INSERT INTO Events VALUES(5,50001,40004,10,null)
	INSERT INTO Events VALUES(6,50001,40005,37,null)
	INSERT INTO Events VALUES(7,50002,40006,52,null)
	INSERT INTO Events VALUES(8,50002,40007,52,null)
	INSERT INTO Events VALUES(9,50002,40008,52,null)

	INSERT INTO Events VALUES(10,50000,40000,32,null)
	INSERT INTO Events VALUES(11,50000,40001,12,null)
	INSERT INTO Events VALUES(12,50000,40002,22,null)
	INSERT INTO Events VALUES(13,50001,40003,52,null)
	INSERT INTO Events VALUES(14,50001,40004,10,null)
	INSERT INTO Events VALUES(15,50001,40005,37,null)
	INSERT INTO Events VALUES(16,50002,40006,52,null)
	INSERT INTO Events VALUES(17,50002,40007,52,null)
	INSERT INTO Events VALUES(18,50002,40008,52,null)

	INSERT INTO Events VALUES(19,50000,40000,32,null)
	INSERT INTO Events VALUES(20,50000,40001,12,null)
	INSERT INTO Events VALUES(21,50000,40002,22,null)
	INSERT INTO Events VALUES(22,50001,40003,52,null)
	INSERT INTO Events VALUES(23,50001,40004,10,null)
	INSERT INTO Events VALUES(24,50001,40005,37,null)
	INSERT INTO Events VALUES(25,50002,40006,52,null)
	INSERT INTO Events VALUES(26,50002,40007,52,null)
	INSERT INTO Events VALUES(27,50002,40008,52,null)

	INSERT INTO TestRunViews VALUES(@testRunID,1,GETDATE(),GETDATE(),null)
	SELECT *
	FROM my_viewGroupBy
	UPDATE TestRunViews SET EndAt = GETDATE() WHERE TestRunID = @testRunID
	UPDATE TestRunViews SET TimeOfExecution = dbo.computeDATEDIFF(TestRunViews.StartAt,TestRunViews.EndAt) WHERE TestRunID = @testRunID

	EXEC my_resetRows
GO

EXEC my_test @tableID = 1, @testID = 7